"0","library(mlr3tuning)"
"2","
Attaching package: ‘mlr3tuning’

"
"2","The following object is masked from ‘package:tune’:

    tune

"
"2","The following object is masked from ‘package:parsnip’:

    tune

"
"0","#generate tuning instance, from task, learner, search space, resampling method and measure"
"0","instance <- mlr3tuning::TuningInstanceBatchSingleCrit$new("
"0","  task = surv_task,"
"0","  learner = ranger_lrn,"
"0","  resampling = hout,"
"0","  measure = measure,"
"0","  search_space = search_space,"
"0","  terminator = mlr3tuning::trm(""none"")"
"0",")"
