"1","INFO  [14:11:56.755] [bbotk]"
"1","
"
"1","INFO  [14:11:56.760] [bbotk] Evaluating 1 configuration(s)"
"1","
"
"1","INFO  [14:11:56.772] [mlr3] Running benchmark with 3 resampling iterations"
"1","
"
"1","INFO  [14:12:07.184] [mlr3] Applying learner 'surv.ranger' on task 'surv_example' (iter 1/3)
"
"1","INFO  [14:12:32.593] [mlr3] Applying learner 'surv.ranger' on task 'surv_example' (iter 2/3)
"
"1","INFO  [14:13:03.090] [mlr3] Applying learner 'surv.ranger' on task 'surv_example' (iter 3/3)
"
"1","INFO  [14:13:04.348] [mlr3] Finished benchmark"
"1","
"
"1","INFO  [14:13:04.392] [bbotk] Result of batch 2:"
"1","
"
